professor_id,professor_name
lib_01,김건우
lib_02,박명훈
lib_03,김한울
lib_04,김성은
lib_05,이형석
lib_06,이형석
lib_07,정상우
lib_08,윤현상
lib_09,유현정
lib_10,안재익
lib_11,고원
lib_12,홍주환
lib_13,강신규
lib_14,강신규
lib_15,김영순
lib_16,신혜진
lib_17,박형길
lib_18,박형길
lib_19,이종화
lib_20,강수진
lib_21,강수진
lib_22,이학권
lib_23,신규리
lib_24,이재무
lib_25,이광호
lib_26,이광호
lib_27,박세혁
lib_28,조성민
lib_29,함지영
lib_30,김병일
lib_31,신현혜
lib_32,유자도
lib_33,이호규
lib_34,임경필
lib_35,류주연
lib_36,홍석영
lib_37,연윤정
lib_38,유지현
lib_39,조성민
lib_40,함지영
lib_41,권윤기
lib_42,김민희
lib_43,류주연
lib_44,엄태관
lib_45,김건우
lib_46,신현혜
lib_47,김병찬
lib_48,김태수
lib_49,김민희
lib_50,권윤기
lib_51,정계선
lib_52,유지현
lib_53,연윤정
lib_54,안일주
lib_55,이호규
lib_56,정갑헌
lib_57,홍석영
lib_58,엄태관
lib_59,한혜림
lib_60,임경필
lib_61,정계선
lib_62,정갑헌
lib_63,유자도
lib_64,한혜림
lib_65,김병일
lib_66,안일주
lib_67,박윤경
lib_68,신혜진
lib_69,정상우
lib_70,최동규
lib_71,최동규
lib_72,조은경
lib_73,강경래
lib_74,박태호
lib_75,유현미
lib_76,성순창
lib_77,이선주
lib_78,이윤정
lib_79,정연훈
lib_80,임병란
lib_81,임병란
lib_82,정연훈
lib_83,남기정
lib_84,이종화
lib_85,오영진
lib_86,오영진
lib_87,황순학
lib_88,박종열
lib_89,오영진
lib_90,강태임
lib_91,전승주
lib_92,박선규
lib_93,박선규
lib_94,윤여령
lib_95,박윤경
lib_96,이민호
lib_97,김현경
,김현경
,변우희
,윤현상
,이아리
,오기승
,강병호
,고은강
,강병호
,김병수
,김태수
,이우주
,이우주
,김태수
,한경숙
,김유식
,한경숙
,김정신
,이아리
,정상우
,최경환
,최경환
,정상우
,오기승
,이정훈
,정상우
,윤현상
,이정훈
,박정태
,박정태
,이수정
,이수정
,고지현
,박정태
,고지현
,박정수
,박정수
,현영종
,손기태
,손기태
,최진호
,최진호
,양재영
,현영종
,박태호
,최경환
,김남섭
,나두경
,나두경
,정기인
,나보령
,김민수
,민진영
,유건수
,전영주
,나보령
,민진영
,조경은
,조경은
,김민수
,김슬기
,김슬기
,박성준
,박성준
,김정욱
,김정욱
,전영주
,나보령
,유건수
,양정현
,조지혜
,Kudaibergenov Meerbek
,이경근
,이민호
,인아영
,인아영
,김민수
,양정현
,채송화
,전승주
,조지혜
,채송화
,정기인
,남재민
,남재민
,이원지
,이원지
,강기홍
,김태희
,김주한
,박상희
,김성윤
,박상희
,박상희
,조명희
,조명희
,홍주환
,윤여령
,김영순
,윤왕희
,조한나
,이진명
,장명학
,조한나
,장명학
,윤왕희
,김영순
,김성수
,박경호
,박윤경
,김현수
,김건우
,박경호
,이은정
,안재익
,김남섭
,유현정
,유현정
,변우희
,안민석
,김남섭
,김지혜
,박용진
,김성수
,김성수
,이혁주
,손종억
,이상욱
,이대범
,강경래
,고연정
,고연정
,이대범
,김민영
,김진영
,김민영
,백욱인
,김진영
,권용선
,박태호
,권용선
,이현정
,송승환
,BensonMatthew
,송승환
,권용선
,이현정
,황순학
,황순학
,전승주
,이민호
,김태수
,이상욱
,이미경
,신교원
,이선희
,이선희
,정지훈
,우상권
,정지훈
,김헌중
,김헌중
,이봉재
,이봉재
,우상권
,우상권
,김헌중
,우상권
,조명동
,정지훈
,강은아
,강은아
,정지훈
,김헌중
,조명동
,조명동
,강은아
,이선희
,이선희
,조명동
,강은아
,김슬기
,김슬기
,김슬기
,김슬기
,유혜종
,유혜종
,이진실
,유혜종
,장봄
,김소연
,이진실
,이진실
,성찬경
,성찬경
,성찬경
,박상준
,박상준
,박상준
,김영범
,김영범
,김영범
,장봄
,장봄
,김소연
,황연주
,안은희
,황연주
,황연주
,안은희
,김소연
,안은희
,김정민
,김정민
,김정민
,임선구
,"김태수, 김성기"
,조인용
,김철
,고병권
,김정신
,이정훈
,김지혜
,이은정
,안민석
,박용진
,장재숙
,장재숙
,양재영
,양재영
,심일종
,"최문성, 최형섭, 김승겸"
,고병권
,김성윤
,손종억
,고원태
,오승현
,오승현
,강기천
,강기천
,고원태
,오승현
,신현우
,김희윤
,김연철
,김희윤
,김명심
,김명심
,이광석
,김연철
,신현우
,안민홍
,안민홍
,안민홍
,안민홍
,안민홍
,안민홍
,안민홍
,안민홍
,안민홍
,안민홍
,안민홍
,안민홍
,안민홍
,안민홍
,안민홍
,안민홍
,안민홍
,안민홍
,안민홍
,안민홍
,안민홍
,안민홍
,안민홍
,안민홍
,이경진
,이경진
,최형섭
,박종열
,오명주
,조진기
,이상학
,조화연
,김호경
,정창근
,조진기
,오명주
,오명주
,민경남
,이동원
,전종훈
,정창근
,강신규
,윤여웅
,민경남
,송현석
,최일수
,전종훈
,정인철
,김창모
,유지현
,조화연
,김수경
,이재환
,윤여웅
,이재환
,오명주
,이재환
,이정엽
,정인철
,김철
,박명훈
,송현석
,조인용
,이동원
,김철
,조인용
,민경남
,김수경
,전종훈
,최민기
,최일수
,정창근
,이정엽
,이정엽
,조진기
,김창모
,민경남
,최일수
,이상학
,최일수
,이상학
,김창모
,조진기
,박명훈
,권형욱
,"강신규, 박명훈"
,
,
,신윤호
,전현심
,한재범
,김소영
,김소영
,김소영
,김소영
,한재범
,신혜진
,오춘식
,전현심
,오춘식
,황규장
,조광춘
,전제용
,김완태
,이승재
,안덕신
,이승재
,이승재
,이승재
,이승재
,전제용
,전제용
,안덕신
,안덕신
,이봉재
,백원석
